Transaction_Amount,Transaction_Type,Time_Since_Last,Account_Age,Transactions_Last_24h,Is_Fraud
468.93,0,2201.5532,53,6,0
3237.84,1,1416.0952,27,7,0
536.14,1,1890.3545,82,9,0
2927.13,1,444.4099,104,7,0
637.14,2,423.7278,62,5,0
1523.5,2,2631.7408,11,10,0
2919.69,0,613.3647,33,10,0
1464.91,1,898.9441,37,10,0
697.13,2,1104.8873,52,9,0
583.64,2,1459.6421,96,5,0
1523.76,0,336.1252,51,6,0
1038.83,1,3025.6906,82,12,0
2811.45,1,848.035,67,6,0
5664.82,1,316.5646,14,9,1
4764.49,1,97.0818,58,13,1
1082.86,3,1005.9679,19,9,0
541.9,0,1613.5222,66,5,0
3238.26,0,590.5592,110,8,0
1934.81,2,735.0934,2,12,0
549.11,2,1406.7469,3,7,0
1660.76,1,794.959,81,12,0
1469.09,3,1697.5375,95,10,0
1333.9,1,929.5976,93,10,0
1177.97,3,970.4726,108,12,0
680.39,1,459.0126,109,10,0
855.46,2,1354.5329,36,12,0
112.94,1,212.9898,56,7,0
1023.96,3,174.1438,50,9,1
739.97,3,106.6869,39,6,0
2995.14,3,129.9283,25,13,1
757.5,1,949.6172,107,19,0
560.89,0,1249.119,34,16,0
441.61,3,619.4795,26,10,0
993.83,0,539.3296,96,11,0
1612.13,0,745.6456,57,6,0
1585.06,2,786.662,1,10,0
147.87,1,809.6985,4,2,0
3407.69,3,780.1916,5,7,0
1497.72,0,396.6333,75,10,0
431.44,0,269.7675,29,11,0
1227.22,2,1100.6574,114,4,0
304.65,0,703.5224,31,9,0
645.48,3,398.3803,3,10,0
7973.11,1,75.7036,45,19,1
765.12,1,1128.9034,77,9,0
1439.62,0,1039.5895,71,17,0
2325.67,1,70.2703,66,18,1
724.42,1,1450.122,104,6,0
1811.86,1,401.8794,93,3,0
630.43,0,1898.2051,55,6,0
846.93,2,299.3181,115,6,0
1954.79,3,393.8919,78,6,0
2834.55,3,668.2512,28,13,0
1656.4,3,3643.0239,108,16,0
2468.69,2,1194.191,73,8,0
1225.73,1,679.6397,14,9,0
1157.56,1,1028.7297,119,8,0
2467.13,2,1770.0321,13,9,0
621.82,3,528.0044,24,8,0
973.91,1,363.7839,60,9,0
983.44,2,4001.431,110,15,0
1490.3,3,302.7657,54,4,0
1448.59,0,1909.4236,78,10,0
2827.71,0,212.0274,108,13,0
400.34,1,1746.5044,29,13,0
1511.82,3,1388.5922,82,10,0
209.94,1,1797.6209,105,14,0
2856.13,0,2012.2282,39,5,0
98.4,0,2116.5855,81,6,0
1178.64,1,463.4596,107,9,0
895.21,1,1962.9864,67,10,0
786.55,1,2223.856,105,7,0
1137.69,0,289.8805,64,7,0
291.36,1,616.7908,28,8,0
884.95,1,2154.3173,89,8,0
1318.43,1,1609.6648,39,9,0
1847.05,0,907.8444,23,5,0
1637.3,1,912.2051,9,10,0
1212.9,3,658.2376,44,10,0
195.16,0,1117.745,81,7,0
711.08,0,693.3554,65,10,0
268.98,0,1109.5576,68,6,0
1263.13,0,1114.8157,90,5,0
1368.29,0,128.0632,11,11,0
3075.38,0,944.8325,16,5,0
1305.05,3,1117.5098,40,6,0
1375.46,2,67.755,55,9,1
1940.93,2,841.8215,17,10,0
1611.46,1,1705.6152,48,8,0
328.59,1,1298.5434,41,8,0
479.77,3,879.5969,61,9,0
1536.91,1,160.5337,57,7,0
2210.21,1,363.0912,105,16,0
977.01,0,67.141,11,9,0
213.0,0,1112.9604,101,9,0
302.28,1,1162.7179,93,6,0
2919.01,0,450.7296,97,6,0
986.8,2,707.5875,104,5,0
381.92,0,700.893,32,6,0
999.45,2,1538.7081,26,8,0
246.13,2,510.8863,44,5,0
527.15,0,1003.0873,62,9,0
3437.04,3,564.0243,16,10,1
700.09,0,1684.7749,75,9,0
1661.65,2,1038.2266,11,11,0
1063.95,1,1306.4837,55,14,0
536.9,3,692.8957,6,11,0
6441.54,3,316.8877,82,25,1
1742.75,0,825.4696,61,13,0
3200.48,1,135.2343,21,24,1
264.39,0,954.5544,55,7,0
1443.11,0,1177.9023,5,10,0
5131.87,1,135.0616,81,21,1
740.8,0,3145.9228,106,5,0
325.88,1,734.4526,26,7,0
1494.54,2,1684.5271,91,4,0
2862.64,2,637.2315,103,11,0
3034.5,0,53.6167,76,12,1
507.2,0,1441.7209,67,9,0
1326.25,1,511.5517,100,5,0
1076.71,1,1520.7991,40,7,0
4283.46,2,1281.5496,6,7,0
2235.83,2,550.8066,84,14,0
1746.5,1,872.6637,95,10,0
1402.09,3,1765.787,98,9,0
807.57,0,385.8609,78,8,0
532.03,1,649.3466,10,9,0
400.5,2,1375.9205,93,12,0
265.71,1,763.11,66,7,0
885.05,2,943.3924,95,9,0
477.0,2,2003.9301,12,8,0
1316.3,1,249.7055,112,10,0
2820.49,3,1577.5198,34,8,0
1986.73,3,173.0328,15,17,1
1214.0,2,1108.0161,82,16,0
657.33,1,1184.1273,89,11,0
3563.54,2,1062.4383,99,12,0
1907.25,3,497.4369,108,8,0
262.92,1,126.3688,108,8,0
646.59,2,1331.7025,9,6,0
2412.3,3,727.4458,74,7,0
2459.67,0,856.6573,25,10,0
1345.4,1,1369.6988,50,9,0
338.65,0,472.0762,5,7,0
850.04,0,1311.8814,57,11,0
759.6,1,219.7318,77,10,1
489.35,0,576.9032,61,13,0
1036.38,3,1525.6783,42,7,0
896.79,0,608.3819,87,9,0
931.65,0,150.0704,82,11,0
1307.38,2,876.4783,94,10,0
3293.9,1,1261.5819,115,3,0
2474.27,3,356.2919,58,13,1
956.34,2,600.5163,73,10,0
1956.93,2,50.0651,36,21,1
837.86,1,868.132,89,9,0
344.94,1,755.9287,31,16,0
3517.98,3,1125.031,81,11,0
823.89,3,412.4162,43,3,0
1806.3,1,987.0144,108,15,0
820.86,1,992.7466,51,9,0
896.63,2,1116.2286,68,5,0
617.7,2,1356.8389,95,9,0
458.4,0,1412.5867,49,5,0
1179.48,1,1098.4271,97,9,0
3512.79,1,1624.3523,36,15,0
4623.2,1,2108.6616,13,12,0
1238.99,3,1045.6713,6,4,0
1325.02,0,1475.9236,90,8,0
537.66,1,1195.6411,3,6,0
915.98,3,3074.3967,111,7,0
588.91,0,324.8999,77,10,0
906.13,2,1443.1275,46,4,0
3243.39,1,209.8274,22,14,1
1760.43,1,1413.2565,71,10,0
814.71,0,3000.0988,107,7,0
584.8,2,466.5903,112,10,0
1891.66,2,699.2821,105,5,0
1594.03,3,376.654,102,7,0
1407.0,0,1673.0221,88,9,0
2093.74,1,753.4547,12,6,0
989.56,0,560.6202,52,7,0
4150.96,0,352.3654,5,9,0
339.7,1,1105.1844,14,8,0
1263.35,2,934.0917,44,6,0
1003.73,0,585.8397,33,11,0
428.13,2,655.4572,75,11,0
75.28,1,1384.1379,119,20,0
1097.32,1,507.7223,51,21,1
1399.23,1,1567.8775,103,10,0
2417.69,1,172.4809,82,17,1
1337.58,0,1517.6852,104,10,0
1908.45,1,2620.3129,49,6,0
1287.28,2,606.473,117,16,0
895.99,1,614.0623,69,8,0
837.01,3,1604.267,109,7,0
505.47,3,2004.4543,105,13,0
1257.93,3,802.8905,19,7,0
1585.17,1,1632.3683,92,8,0
716.04,2,305.6527,22,8,0
195.9,1,1090.4401,111,12,0
2525.13,3,1692.1251,88,6,0
2856.13,3,1140.0957,119,8,0
991.56,3,920.0099,87,9,0
948.68,0,1833.9283,48,6,0
2167.79,3,365.4314,116,10,0
1819.54,3,2272.6203,111,7,0
509.54,1,143.5952,76,19,1
171.67,0,437.9244,35,11,0
1844.58,3,764.0612,25,8,0
1708.5,3,520.7357,67,8,0
2421.8,0,113.6036,19,11,0
2531.47,1,163.4308,41,13,1
2422.16,2,333.7455,16,7,0
817.1,2,358.5876,15,8,0
1654.63,3,1676.6603,55,8,0
222.21,1,643.4793,15,5,0
860.44,1,1446.1411,47,12,0
2594.61,0,298.1553,4,11,1
2596.03,2,1094.8968,11,12,0
565.9,0,1543.0522,4,13,0
2328.2,3,2123.5918,87,11,0
2149.5,1,164.2074,46,17,1
795.98,1,869.2572,28,9,0
752.48,3,1040.9178,32,8,0
1408.1,3,654.5138,84,9,0
282.67,0,901.7216,79,7,0
2119.36,2,915.8718,114,7,0
878.87,0,1388.05,33,11,0
1188.3,0,806.7242,3,6,0
2658.46,2,350.3398,7,8,0
2566.45,1,99.9229,75,13,1
1081.72,2,1523.9228,62,10,0
3169.48,1,1013.6053,107,3,0
1923.26,0,1316.183,81,8,0
1132.92,1,2391.652,12,10,0
1387.55,3,693.2381,21,11,0
2868.92,1,197.9993,72,17,1
2595.68,2,636.9081,102,9,0
2452.6,3,566.6517,87,19,0
1069.3,1,1832.312,42,12,0
1939.15,0,1217.6027,16,8,0
90.45,1,1022.6529,36,10,0
792.13,3,773.347,79,17,0
1857.93,1,2124.1927,100,9,0
958.78,0,1481.1806,58,9,0
2038.64,1,620.3591,22,12,0
1196.37,3,1099.1935,56,8,0
621.53,2,480.864,19,10,0
954.81,0,1417.1916,24,8,0
1302.1,2,1625.792,40,6,0
3205.12,3,396.828,69,14,1
744.28,2,846.8111,37,10,0
832.36,0,1080.4439,24,8,0
305.17,3,346.0624,63,10,0
250.94,2,2419.6485,10,13,0
2139.43,0,1590.8552,33,3,0
1491.21,1,344.6075,86,14,1
797.89,2,575.3333,65,10,1
1600.52,3,1220.7194,59,5,0
1117.47,3,1394.3148,100,19,0
947.06,3,1717.6233,75,9,0
1717.82,2,1365.0907,89,7,0
1773.23,1,477.0938,1,10,0
484.8,0,2005.0869,85,11,0
554.64,3,531.6259,35,12,0
1255.59,3,1046.8596,9,12,0
435.28,2,1152.6907,15,8,0
1167.15,0,1897.3647,3,15,0
3377.92,3,1240.1383,49,13,0
2299.86,0,907.9991,23,11,0
95.83,1,1721.5881,94,10,0
122.95,3,844.6832,54,15,0
844.41,3,1303.2747,66,12,0
561.28,3,1682.1399,81,5,0
935.49,3,1803.3011,78,9,0
1179.44,2,331.7187,84,10,0
610.34,1,109.0327,85,13,0
1950.27,0,476.6584,89,5,0
2196.25,3,2013.4796,84,11,0
563.12,1,1187.0111,14,13,0
1675.75,2,476.6621,81,7,0
1690.4,0,1633.3514,30,10,0
1127.34,2,2191.7135,7,11,0
1003.09,0,739.5245,119,12,0
1014.81,0,554.2581,110,6,0
1071.92,1,1968.6062,90,6,0
842.22,3,1384.8215,66,14,0
976.97,0,737.0833,49,9,0
2122.92,1,132.2024,58,15,1
274.34,1,17.2917,33,15,1
274.65,0,406.0505,9,13,0
1196.81,1,733.9223,96,11,0
949.8,1,2097.7127,18,18,0
229.71,0,560.227,79,12,0
2119.67,0,653.6986,93,8,0
1284.77,1,137.8935,3,15,1
525.13,2,1160.9853,53,9,0
1423.17,3,1930.608,116,12,0
826.21,3,1603.1101,111,9,0
941.24,3,96.9036,72,6,0
144.98,2,858.807,89,12,0
3085.38,3,1828.2796,74,6,0
831.97,2,848.4653,62,11,0
1370.62,2,757.6129,37,17,0
1288.07,1,298.8253,70,20,1
193.47,1,2513.5752,62,8,0
1480.09,3,937.9098,29,8,0
3811.49,3,83.1298,46,12,1
2705.62,3,1400.5316,103,2,0
1419.76,3,809.113,99,6,0
1185.71,3,724.0867,46,8,0
806.2,1,690.0858,3,4,0
514.05,0,710.3525,14,15,0
775.5,0,331.9613,71,8,0
1097.15,0,1167.8191,45,9,0
3683.74,2,839.7422,48,4,0
69.8,1,741.3828,38,12,0
1411.69,3,2779.428,33,9,0
1212.21,2,1591.9465,26,11,0
458.51,3,463.9146,37,11,0
3607.86,0,1207.7487,9,11,0
1191.33,3,148.7574,9,14,0
636.9,3,1170.9411,43,13,0
633.18,0,897.3669,5,3,0
2586.84,1,1895.0856,82,7,0
4564.88,3,1821.7198,79,10,0
882.52,0,525.8838,43,7,0
2868.53,1,1103.1836,50,8,0
1529.15,1,212.9219,117,10,0
1727.44,1,3757.7146,103,8,0
1799.52,1,720.4184,114,8,0
2919.12,2,980.1667,109,4,0
1051.31,2,300.7492,119,8,0
1853.56,0,1007.7378,114,5,0
773.32,3,658.7821,97,13,0
3430.38,1,1292.4748,60,16,0
1896.68,3,950.5888,29,9,0
674.63,3,2088.4604,66,6,0
601.87,3,1240.9486,59,9,0
185.2,1,802.6464,35,22,0
517.69,0,432.2134,57,11,0
1770.15,0,596.5644,98,8,0
5806.84,3,816.3934,63,10,0
1040.94,3,1051.9013,107,6,0
385.79,1,1453.5261,91,23,0
1580.53,1,1338.2155,70,7,0
2382.07,0,664.4329,64,9,0
773.8,3,717.8072,72,6,0
868.25,3,426.0854,4,14,1
964.19,2,936.3789,16,9,0
884.32,1,1502.9495,102,13,0
963.77,3,608.0475,22,12,0
1469.62,2,259.1923,10,12,0
2098.0,2,1079.4736,3,8,0
1167.33,0,836.8599,38,7,0
324.7,1,597.1871,112,4,0
3597.23,2,1043.4288,78,6,0
1685.98,3,611.3259,87,10,0
560.16,0,1796.0323,64,11,0
2321.5,0,386.0851,30,8,0
226.93,2,3306.8393,34,6,0
1128.55,2,1431.1786,72,8,0
609.31,1,955.9834,110,16,0
2681.21,3,1661.4229,98,13,0
507.1,3,506.85,62,12,0
1868.3,3,711.4375,76,11,0
327.91,2,348.5853,107,13,0
325.17,2,3006.0976,21,11,0
1255.92,0,1123.7149,26,11,0
424.57,3,360.605,39,7,0
2765.49,1,979.6147,60,12,0
1317.59,3,872.8294,18,10,0
1359.34,2,1572.4685,67,16,0
1524.9,1,1690.3296,110,12,0
395.91,1,1058.2384,42,18,0
1535.49,2,370.6626,37,10,0
2246.64,1,166.5258,23,7,0
1696.36,2,237.3802,81,14,1
2123.2,2,1129.114,9,9,0
861.8,2,689.7164,64,9,0
1296.29,1,959.906,2,3,0
1509.18,2,353.6974,10,7,0
390.19,0,1976.4663,64,11,0
694.24,3,1398.1887,8,13,0
576.45,3,313.6115,58,19,1
1862.62,1,759.0113,108,9,0
1290.07,3,519.1811,3,10,0
1693.82,3,307.9541,49,16,1
965.53,3,897.8945,41,9,0
529.47,2,1163.7593,12,4,0
357.8,0,1021.7665,101,4,0
1519.33,2,1182.7599,66,11,0
1600.54,2,1405.1753,21,12,0
206.24,0,899.459,78,3,0
1144.99,2,282.7327,25,4,0
1399.0,1,665.458,13,16,0
998.85,0,891.8577,3,9,0
932.82,1,712.9733,78,9,0
724.5,3,116.9643,32,10,1
1344.51,1,1748.4983,100,10,0
1199.59,3,1427.8215,113,7,0
2609.93,3,1194.769,68,9,0
872.77,2,850.7864,59,8,0
721.27,2,833.5358,63,11,0
480.51,2,1587.2389,28,6,0
8339.37,3,53.423,54,22,1
701.23,0,1773.8228,22,8,0
473.57,0,1252.3539,81,10,0
440.85,0,1637.0384,1,8,0
3080.7,1,1768.7409,36,2,0
1136.88,1,333.6811,51,13,1
1540.26,2,482.3822,2,8,0
2739.92,3,651.7897,98,5,0
251.67,3,453.4063,102,6,0
916.94,3,1937.2366,80,5,0
1979.61,3,862.4749,93,8,0
903.48,1,1228.3694,22,6,0
697.97,2,701.9171,5,9,0
523.87,0,622.0843,108,3,0
1834.38,0,1489.8221,10,7,0
475.81,0,271.5422,12,11,0
441.12,2,1424.3528,29,8,0
2564.1,3,739.0501,19,7,0
450.56,1,2575.2122,40,7,0
1074.38,3,693.1529,72,12,0
957.14,0,973.9826,60,15,0
1946.08,2,702.8589,8,7,0
1141.56,0,2184.511,3,16,0
194.93,2,896.1341,94,8,0
2027.89,0,1112.1449,98,7,0
321.54,0,2206.6688,65,10,0
2601.07,3,882.9815,58,9,0
1143.07,2,349.4836,20,8,0
1351.59,0,3480.6073,99,12,0
1594.22,3,672.3292,16,5,0
1852.34,1,1807.493,97,3,0
380.59,2,1679.9917,15,4,0
842.76,3,577.436,90,8,0
1631.29,3,800.9498,92,10,0
1416.3,1,1028.9704,91,7,0
514.51,1,1009.268,79,9,0
548.86,1,150.1583,66,24,1
50.33,0,214.5542,46,8,0
1729.16,3,1525.428,40,3,0
246.88,1,376.4843,78,12,0
989.27,3,1245.0799,27,16,0
2853.82,0,1059.4847,91,9,0
1832.92,3,1980.2582,71,6,0
4407.44,2,1517.5894,74,8,0
743.41,1,2891.0605,112,5,0
1701.29,2,761.6355,67,5,0
1134.8,2,764.229,87,21,0
1143.49,0,1107.0951,61,5,0
2273.09,1,2336.1654,15,5,0
1739.3,1,1518.6439,102,15,0
1269.9,1,915.5271,61,12,0
2486.85,1,833.7496,77,7,0
432.75,1,561.9638,86,10,0
642.15,3,606.1546,19,11,0
955.59,1,2128.9761,117,14,0
4866.55,1,653.8215,55,16,0
3701.74,2,1948.6871,55,11,0
2958.32,1,180.2185,84,4,1
840.98,0,1177.7783,87,5,0
2047.99,3,1328.1189,92,7,0
513.49,1,1286.4737,64,10,0
1278.49,1,1010.7072,56,11,0
463.01,3,1452.9889,67,3,0
567.02,0,435.3477,59,11,0
922.45,1,737.9359,60,2,0
1711.37,3,332.0895,21,8,0
5255.61,1,117.8628,23,22,1
2590.35,0,1278.0358,85,11,0
612.56,3,715.2141,100,8,0
2858.29,1,259.7259,68,20,1
4199.44,1,53.6198,19,11,1
4956.26,2,15.7499,31,18,1
1352.66,2,676.2237,48,11,0
290.18,3,1075.0244,77,13,0
2567.26,2,781.2493,22,14,0
3731.8,0,847.7254,67,8,0
762.19,3,3310.875,109,7,0
1568.05,3,935.6975,4,8,0
627.59,1,327.4652,34,9,0
1538.9,3,2148.9531,12,9,0
735.25,0,2707.5134,13,8,0
3491.38,0,624.6766,119,6,0
704.02,3,438.0195,85,4,0
2362.44,0,1177.8821,115,11,0
553.05,1,512.4711,61,3,0
1681.91,1,1756.4198,54,11,0
2599.4,1,1164.5602,84,13,0
1346.97,3,504.7581,4,8,0
1197.07,1,1288.9811,43,9,0
1919.73,0,2047.1631,119,10,0
392.86,0,1281.9416,33,12,0
151.69,2,959.091,70,12,0
2018.57,0,1383.5891,17,16,0
1144.9,3,2838.5478,76,6,0
883.89,2,1158.8968,50,10,0
2723.22,3,847.4455,61,17,0
3400.16,3,1138.7827,27,6,0
2331.45,3,96.0021,37,15,1
1296.14,3,986.6285,100,9,0
1376.0,1,37.749,5,13,1
2624.46,1,1924.4396,102,9,0
1713.6,1,708.632,10,14,0
3493.83,1,377.5892,40,7,1
1351.04,0,810.3632,62,10,0
230.46,3,838.0589,4,12,0
483.67,2,540.9029,101,6,0
488.81,0,775.4823,53,7,0
1686.8,1,1160.7553,113,4,0
3880.05,3,1557.7656,28,10,0
2264.28,0,727.7258,118,5,0
932.16,2,972.4794,9,13,0
1290.74,2,909.2899,57,10,0
1897.76,0,217.4825,58,12,1
1991.46,2,3978.3905,66,8,0
2705.76,2,363.497,89,11,0
355.04,1,1823.727,14,5,0
1057.67,3,1321.3421,9,7,0
587.92,3,758.0778,9,28,0
1334.32,1,426.7199,53,13,0
1684.68,3,928.609,80,7,0
2581.23,3,2060.9434,109,18,0
875.22,3,1393.8176,94,4,0
726.96,2,2140.1832,57,6,0
293.06,2,382.7092,115,11,0
1150.98,0,193.5636,51,10,0
3771.17,2,507.2599,23,18,0
928.21,1,1376.0832,119,7,0
1384.33,1,977.0944,8,7,0
3586.23,2,1899.6826,78,14,0
1186.1,1,3959.6916,117,8,0
1981.91,0,548.6215,60,3,0
219.04,0,992.2203,31,14,0
1516.69,1,1081.7472,117,7,0
2499.82,1,1141.7461,56,8,0
2532.28,2,979.7109,6,13,0
60.3,3,660.2789,97,12,0
2301.68,2,304.6199,82,15,0
862.93,2,1630.8869,31,8,0
377.93,0,2101.1786,76,6,0
2269.91,1,114.1954,77,20,1
1394.3,3,1334.7015,29,4,0
5927.5,1,1367.9541,49,5,0
1970.45,1,2540.1477,107,9,0
802.77,2,2748.2479,86,7,0
1370.34,1,1816.655,78,15,0
1549.55,2,1870.8057,35,11,0
371.89,0,797.1459,100,6,0
1290.55,0,1733.6371,91,5,0
2571.61,3,609.1094,86,12,0
3790.91,0,266.3798,14,25,1
1504.24,1,1423.1027,46,11,0
938.95,0,205.0002,74,8,0
194.7,0,1730.4458,89,9,0
1368.84,3,1652.8444,103,8,0
1585.42,3,587.6586,70,7,0
1982.17,2,268.6722,49,12,1
581.17,2,537.7425,40,8,0
262.93,3,794.3726,34,8,0
2635.3,1,793.7491,94,7,0
1283.85,3,588.441,72,5,0
994.3,1,1153.8393,117,11,0
1761.79,1,1718.5502,57,8,0
1946.94,1,168.8652,83,8,0
2568.96,2,361.3155,67,15,1
896.49,3,1228.1177,101,8,0
279.68,2,815.6369,61,8,0
593.97,0,313.977,101,6,0
490.74,0,744.9306,23,11,0
482.55,1,626.2558,84,13,0
2487.63,1,62.3368,42,17,1
1538.26,2,732.5378,23,9,0
526.32,0,461.4574,64,7,0
570.11,2,1057.1792,93,10,0
318.08,3,576.2774,1,12,0
843.12,0,2481.618,15,13,0
367.77,2,1954.5998,50,11,0
2262.86,3,716.3347,9,8,0
321.6,0,1544.6097,98,10,0
3041.04,2,965.7911,92,14,0
1262.58,3,656.5425,61,5,0
1068.37,3,1128.7596,16,11,0
2977.09,0,1256.7139,66,5,0
1697.66,3,1357.441,25,7,0
1658.69,0,594.822,4,11,0
552.05,1,280.6362,87,5,0
1282.35,1,564.6804,117,11,0
1531.85,0,1950.0302,28,10,0
123.02,1,465.7371,3,9,0
1167.32,3,1797.9221,103,7,0
1032.68,2,1957.9301,114,6,0
1611.79,1,454.3173,106,13,0
1391.39,1,512.489,95,8,0
1114.87,2,1496.4571,71,12,0
1064.41,0,538.0441,57,11,0
528.31,2,1683.8485,29,6,0
3277.78,3,893.8868,51,10,0
1646.08,2,2544.3066,68,4,0
3539.16,1,604.1923,2,8,0
1458.89,1,713.0957,90,5,0
5742.88,1,241.6562,70,15,1
107.38,2,214.5801,49,11,0
260.87,2,1636.6798,75,8,0
537.56,3,1345.9567,64,11,0
722.57,0,1608.6521,103,13,0
1882.63,3,296.9112,57,16,0
702.57,2,215.1746,39,6,0
1199.83,1,2366.4076,119,9,0
471.28,1,363.216,104,8,0
657.89,2,522.7746,82,11,0
1450.83,3,356.0209,49,5,0
1829.36,3,137.2529,48,22,1
605.7,0,1396.3057,55,6,0
2784.67,2,201.2407,33,16,1
765.53,2,3257.1772,4,9,0
3524.33,3,294.0944,31,13,1
2402.16,0,1624.8085,69,14,0
75.99,0,496.3878,107,4,0
1366.81,3,726.6266,60,5,0
979.62,2,2534.0408,59,11,0
577.14,1,1287.0944,46,13,0
1454.62,3,397.7819,90,11,0
1774.29,0,104.0818,88,11,1
4165.8,3,390.2011,71,12,1
1079.45,1,1609.6696,42,8,0
1388.27,2,515.2221,72,19,1
725.81,0,2089.5861,22,12,0
652.21,1,976.613,81,11,0
2322.34,0,1057.4328,6,8,0
365.42,2,611.5982,34,14,0
2248.33,3,1881.7514,62,9,0
1047.73,2,152.7157,34,9,0
9207.13,3,178.0772,25,13,1
662.92,2,967.1934,81,14,0
4231.18,1,17.6139,6,12,1
1004.61,0,755.0956,117,11,0
1142.6,2,381.1286,25,9,0
529.86,3,2081.9254,82,5,0
2646.07,1,103.7664,54,15,1
2160.11,1,2330.0943,18,10,0
1364.47,2,898.6138,114,12,0
2939.98,1,166.5379,61,28,1
951.49,2,1073.9391,103,8,0
1573.57,2,1327.7988,58,7,0
958.21,3,948.2507,77,7,0
503.85,0,1771.4018,35,8,0
715.54,2,1133.2494,13,5,0
699.79,0,1085.6604,56,10,0
771.42,0,172.2182,12,8,0
4736.56,2,319.8824,38,12,1
1010.1,2,2290.6071,52,13,0
2741.89,0,1168.3541,110,8,0
5054.29,3,520.7101,76,10,1
1881.38,2,537.6642,34,7,0
2018.32,2,98.5407,53,14,1
3312.17,1,1168.6476,56,8,0
909.4,2,507.2268,113,15,0
1831.35,1,7.4914,21,24,1
1269.55,2,893.246,44,5,0
849.13,0,1705.7758,97,12,0
2313.63,3,1039.8212,97,10,0
1418.93,3,218.1708,67,12,0
500.89,1,2404.1205,48,7,0
566.41,1,1430.0668,32,7,0
1363.47,0,1228.7031,15,5,0
2250.86,0,1078.0348,92,6,0
141.45,3,970.3793,59,9,0
909.06,3,1074.3748,105,13,0
698.73,1,1011.3092,36,6,0
414.01,1,443.1726,117,14,0
1952.53,2,661.1947,64,6,0
129.4,3,1041.8298,67,16,0
2192.3,1,1669.6126,26,7,0
278.06,3,273.4417,13,16,1
1841.76,1,1016.3655,112,6,0
3470.19,0,2643.4257,71,12,0
1465.31,2,589.7596,44,3,0
370.38,3,318.0517,33,5,0
1310.31,3,1212.6048,97,7,0
1763.7,3,1832.7919,65,5,0
1675.11,2,836.1172,13,8,0
1444.35,2,1038.2699,17,9,0
106.7,3,1156.7313,103,4,0
2619.65,1,865.4374,92,10,0
1575.95,0,658.7383,105,12,0
376.46,2,986.6941,30,7,0
69.9,3,156.9067,43,7,0
1583.17,3,1212.4684,89,9,0
324.61,1,582.6964,31,19,0
2178.47,1,1266.5089,104,11,0
456.13,0,1375.1745,31,12,0
2903.41,2,397.7424,93,9,0
347.27,2,383.3501,113,2,0
727.6,0,533.1325,86,13,0
1351.18,2,1659.5316,4,6,0
2082.65,1,983.3538,23,10,0
910.48,3,569.9553,55,17,0
3351.54,1,1539.5505,34,7,0
2495.44,0,318.0335,18,9,0
3784.42,0,484.1732,14,10,0
1281.56,1,354.878,46,5,0
885.35,0,491.9982,81,3,0
856.19,0,2520.2532,101,12,0
2794.62,0,944.2908,4,17,0
746.11,1,333.2621,76,15,1
877.91,2,1548.0128,57,8,0
1430.52,2,1078.1679,93,8,0
727.66,3,2642.354,83,8,0
1186.49,0,714.1028,27,12,0
1158.57,1,1067.484,64,8,0
1957.6,2,486.3142,26,11,0
4032.4,2,1445.3509,55,14,0
1193.08,2,1426.6661,86,10,0
289.62,3,1418.0187,34,4,0
2062.83,1,1652.5371,55,8,0
1571.7,3,66.767,81,12,1
1516.36,1,1002.891,116,8,0
79.75,1,985.4324,39,16,0
1011.88,2,3207.4918,108,9,0
1118.56,1,1007.3158,45,13,0
1571.44,2,1446.7556,39,4,0
176.49,0,939.6247,57,9,0
415.72,1,816.3117,84,8,0
785.38,3,1158.1988,74,6,0
1334.59,1,939.966,95,12,0
420.74,1,1539.3222,2,11,0
371.51,0,2350.9031,18,6,0
4584.92,1,136.5429,71,6,1
1496.26,1,905.0996,12,3,0
1719.22,2,1651.2855,78,7,0
248.97,3,1050.9694,2,17,0
913.8,0,738.5796,76,11,0
1490.65,2,1755.4588,55,5,0
1427.5,1,946.9679,54,14,0
2152.09,0,253.7388,27,10,0
1400.12,3,1304.3079,44,12,0
378.16,1,720.2167,90,10,0
952.38,1,687.7491,55,9,0
6503.06,3,86.0299,31,12,1
2063.94,0,870.0336,31,10,0
92.0,0,2231.4106,92,7,0
3433.43,3,203.1824,11,25,1
1198.23,2,1194.7954,87,12,0
2399.44,2,1990.2065,80,8,0
4858.74,1,177.8256,49,9,1
108.21,2,577.3327,13,9,0
4317.81,2,1049.5156,54,9,0
1406.28,2,686.4426,29,8,0
1395.21,0,735.7151,71,11,0
2363.52,3,21.0329,85,7,1
421.73,1,460.2701,96,12,0
1026.52,2,996.8505,53,6,0
940.22,2,3115.3525,104,8,0
1280.32,1,556.1648,61,9,0
848.72,3,2190.993,4,10,0
1161.06,0,865.281,104,8,0
830.54,0,1087.8681,116,6,0
1368.68,0,647.2338,71,7,0
1805.19,1,1155.6353,70,5,0
586.53,0,1527.5563,74,12,0
1203.75,2,692.7203,103,9,0
213.29,3,1677.3392,53,5,0
1695.03,3,439.9916,81,9,1
695.5,0,533.2852,118,3,0
214.55,1,805.2815,119,18,0
959.93,1,762.7874,53,13,0
1626.98,1,618.6305,30,6,0
423.73,2,1320.5773,107,7,0
1958.97,1,2048.3995,48,9,0
1309.7,1,490.7778,37,3,0
774.66,2,880.6328,33,8,0
1107.02,3,1199.5989,3,12,0
907.86,3,2164.9432,29,13,0
1168.97,2,901.4448,62,5,0
409.92,1,852.9857,81,8,0
1357.0,0,499.903,2,8,0
749.76,0,1740.6816,59,12,0
706.87,2,873.2119,74,9,0
1168.58,0,781.1883,52,10,0
2506.74,3,866.9424,20,7,0
820.39,0,440.0495,71,8,0
822.57,3,86.1152,50,15,1
820.72,2,1365.5168,77,11,0
1270.78,1,1808.2371,2,5,0
1891.65,3,2974.0077,29,7,0
1065.6,1,1445.1524,89,8,0
3090.77,3,741.2941,81,11,0
2797.28,3,108.7226,54,11,1
900.51,3,327.5834,87,18,1
2012.67,1,978.5431,84,3,0
1636.09,3,1281.3851,104,10,0
303.64,0,743.5383,13,7,0
103.89,2,721.0429,89,7,0
1932.58,2,1406.5811,1,6,0
719.8,0,803.0456,84,8,0
1157.06,1,1177.9381,99,5,0
3835.74,3,86.1864,27,23,1
677.17,1,1683.3641,12,10,0
2338.91,2,725.7377,71,10,0
1114.47,3,1484.3143,99,8,0
1281.52,2,325.5188,119,4,0
937.29,1,243.0941,41,11,0
1937.26,3,1337.4688,87,15,0
691.89,2,571.5969,109,7,0
554.06,0,1478.3982,107,11,0
661.89,1,457.8321,116,6,0
349.56,0,1487.726,51,3,0
2482.21,2,895.6859,91,10,0
252.68,0,1180.5275,102,10,0
3630.73,0,427.0448,19,7,0
69.12,1,417.375,89,8,0
188.19,1,106.3922,75,16,1
174.02,0,700.8288,16,6,0
792.55,2,586.5379,49,11,0
872.08,0,223.1806,26,4,0
2243.73,1,1050.7069,85,10,0
1598.69,3,1436.886,1,8,0
791.83,3,1000.6949,119,12,0
2320.08,3,963.1671,15,7,0
2790.83,2,468.2096,7,14,0
1784.14,0,420.9462,37,3,0
449.91,3,835.7732,75,8,0
68.02,0,591.854,107,8,0
400.43,2,687.5474,24,15,0
411.72,0,304.1174,59,10,0
1120.86,1,1204.8583,115,8,0
685.86,1,410.5357,20,8,0
3593.21,2,622.7773,39,13,0
423.75,2,836.1984,24,2,0
2001.52,0,1718.0057,58,8,0
539.43,1,93.3245,79,9,0
1897.79,1,1569.6201,74,10,0
4571.82,1,186.7801,4,10,1
2449.23,2,1877.194,14,6,0
1628.12,3,739.0538,9,9,0
656.16,2,1239.3581,63,9,0
543.19,0,1103.2334,18,13,0
1431.43,1,384.5819,111,8,0
1079.04,3,693.854,117,6,0
562.44,1,1128.1461,117,10,0
1161.28,3,1557.0223,63,4,0
2008.68,0,608.6945,119,14,0
2562.44,1,1422.8717,101,5,0
1034.34,3,303.4173,99,13,0
309.31,0,514.0787,109,10,0
916.02,2,1670.8502,106,14,0
222.73,1,1511.6551,11,6,0
968.96,1,576.4321,41,13,0
732.43,2,2018.1389,43,6,0
824.61,2,1250.4825,24,5,0
868.46,2,1033.5852,119,12,0
4248.08,2,1310.8218,112,10,0
2260.67,1,369.4516,53,5,0
442.34,0,1043.6266,65,17,0
654.34,0,799.9317,5,7,0
571.88,0,1098.1942,34,17,0
265.88,2,621.5705,66,6,0
2455.02,0,541.5228,24,12,0
577.7,1,587.1297,91,4,0
1093.48,3,422.1916,87,6,0
1705.9,3,1230.9535,29,8,0
3394.42,3,1247.0866,37,15,0
3012.58,0,2630.0651,41,15,0
2833.63,3,611.4326,54,4,0
2079.44,2,1226.0381,112,13,0
98.88,0,1855.0018,55,8,0
890.27,0,1698.6876,32,7,0
1125.11,1,357.4449,56,15,1
1909.81,0,1014.5846,38,7,0
691.48,1,901.9965,75,9,0
2685.77,3,64.722,36,18,1
788.04,0,1103.4371,14,13,0
1548.67,0,554.8289,109,12,0
707.83,0,77.3943,9,10,0
1649.51,2,1141.3331,34,7,0
741.77,0,257.1479,96,13,0
1520.54,2,855.8476,17,9,0
1092.97,0,1299.8153,105,9,0
2624.96,0,1116.1872,105,9,0
667.97,3,1334.4886,105,11,0
288.17,2,1644.0986,72,5,0
817.78,0,960.8827,110,8,0
395.63,1,957.9116,8,6,0
1034.41,2,740.6466,26,3,0
214.49,2,1196.2146,67,11,0
639.18,2,1216.3053,89,8,0
984.75,2,1317.7784,23,10,0
1570.02,1,1211.4351,59,6,0
365.56,0,1950.5558,28,7,0
720.92,1,1267.8908,73,8,0
158.68,3,842.8283,22,9,0
1028.01,3,1390.6291,43,7,0
2749.1,2,1678.4914,85,10,0
904.96,1,1294.8736,90,6,0
1222.62,2,108.8766,24,16,1
2020.95,0,807.4025,22,8,0
267.91,1,1639.1678,81,13,0
181.29,0,488.5528,53,10,0
1256.99,1,885.2267,16,10,0
2143.99,3,991.1988,52,9,0
1952.42,3,3440.7745,84,3,0
581.95,2,1343.4288,84,6,0
169.33,3,524.1377,36,6,0
2033.89,2,289.6662,78,2,0
1976.88,1,634.227,61,13,0
1598.56,1,800.6502,116,9,0
804.68,2,1016.7213,26,10,0
1131.67,1,877.1741,85,9,0
104.38,3,582.2326,80,11,0
3278.31,1,494.7254,51,8,0
1842.97,1,376.8481,97,2,0
2904.3,1,307.4352,85,16,1
1096.27,2,347.3964,10,10,1
1085.94,2,1020.5758,43,8,0
5470.59,0,801.4191,2,8,0
234.89,2,1142.7196,47,2,0
326.73,1,119.3564,21,3,0
992.54,3,2139.3528,110,8,0
715.12,3,1690.9512,68,4,0
6539.31,0,1189.7684,66,5,0
640.6,2,420.7782,105,10,0
478.78,0,298.7447,59,9,0
1694.45,0,1596.3462,106,9,0
2109.73,3,1434.6659,119,6,0
1987.26,1,537.1086,44,14,0
1002.8,2,1180.4464,116,4,0
2509.76,2,1182.9695,59,13,0
377.81,1,1595.5869,69,13,0
1088.66,0,999.943,23,8,0
1467.9,1,680.2499,20,12,0
1528.73,1,338.1592,70,9,0
378.44,0,269.4732,76,12,0
1155.03,0,1615.2274,26,7,0
1304.73,1,1187.4357,3,6,0
1028.12,2,1547.3222,82,11,0
693.67,0,614.387,110,9,0
3769.42,1,75.3468,70,12,1
755.09,1,383.7695,16,10,0
986.38,3,312.6403,29,9,0
1411.48,3,417.7392,28,12,0
5185.41,0,178.4272,63,21,1
1085.85,1,723.0079,45,4,0
1279.44,0,1057.7377,26,11,0
1566.58,2,1135.9385,38,7,0
762.75,2,307.4232,21,10,0
1143.51,1,352.8623,77,6,0
1194.44,0,506.1776,39,13,0
1938.66,1,2244.7972,88,12,0
4445.64,2,3077.5029,61,8,0
331.77,2,835.3421,20,2,0
278.68,1,435.0377,77,14,0
1390.3,3,226.3046,81,10,0
2048.52,3,1792.5941,115,8,0
1127.71,1,1100.9921,99,5,0
3060.0,0,140.13,84,7,0
1344.74,2,1101.9576,1,15,0
415.25,1,548.4284,50,6,0
267.25,3,544.3332,116,7,0
226.96,1,1117.4752,19,14,0
124.34,0,3380.7705,41,5,0
1012.27,2,658.7539,119,10,0
754.04,3,1236.2943,95,10,0
2463.64,0,685.012,77,9,0
1140.14,2,2790.6035,106,6,0
2331.67,1,459.3083,48,7,0
2444.71,3,26.894,40,9,1
742.86,0,536.0407,112,6,0
1830.52,2,718.6893,112,9,0
975.18,3,1113.1853,81,12,0
1329.14,3,1313.7363,99,7,0
232.25,3,2081.3591,68,5,0
1257.51,3,1042.7231,70,10,0
1164.47,3,1009.592,117,8,0
426.55,1,1016.6606,9,12,0
677.62,0,1934.5903,103,10,0
974.87,0,847.3978,102,10,0
3026.0,3,3004.866,116,8,0
950.31,1,736.0197,57,12,0
1392.02,3,1133.4676,83,17,0
1875.83,0,645.4541,71,10,0
3022.11,2,1445.4294,68,7,0
1619.62,3,351.2358,45,8,0
3172.19,0,1523.8551,92,8,0
499.01,2,430.3082,119,12,0
899.88,3,750.7747,31,8,0
501.54,2,1085.9884,17,10,0
667.91,1,687.811,35,11,0
615.34,0,1246.5751,87,10,0
833.57,1,1467.2209,38,9,0
534.33,1,569.0079,41,9,0
1547.15,3,995.8971,8,9,0
691.2,1,740.1552,112,7,0
1115.13,3,769.6781,37,4,0
599.37,1,1086.9182,101,9,0
518.62,2,1320.4087,88,7,0
